-- --------------------------------------------------------
-- Host:                         globalefreiheit.de
-- Server Version:               5.5.34-0ubuntu0.12.04.1 - (Ubuntu)
-- Server Betriebssystem:        debian-linux-gnu
-- HeidiSQL Version:             8.1.0.4545
-- --------------------------------------------------------

/*!40101 SET @OLD_CHARACTER_SET_CLIENT=@@CHARACTER_SET_CLIENT */;
/*!40101 SET NAMES utf8 */;
/*!40014 SET @OLD_FOREIGN_KEY_CHECKS=@@FOREIGN_KEY_CHECKS, FOREIGN_KEY_CHECKS=0 */;
/*!40101 SET @OLD_SQL_MODE=@@SQL_MODE, SQL_MODE='NO_AUTO_VALUE_ON_ZERO' */;
-- Exportiere Daten aus Tabelle gf.Autor: ~90 rows (ungefähr)
/*!40000 ALTER TABLE `Autor` DISABLE KEYS */;
INSERT INTO `Autor` (`ID`, `Name`, `Website_ID`) VALUES
	(1, 'Karl Heinz', 1),
	(2, 'Larken Rose', 10),
	(3, 'Peter Müller', 3),
	(4, 'Kibaybay', 4),
	(5, '*unbekannt', 1),
	(6, 'Ben', NULL),
	(7, 'Kurt Kowalsky', 15),
	(8, 'Westernhagen', 1),
	(9, 'Meikel White', NULL),
	(10, 'DaniQ', 1),
	(11, 'Roland Baader', 1),
	(12, 'Frederic Bastiat', 23),
	(13, 'Tommy Casagrande', 14),
	(14, 'DenkMal', 8),
	(15, 'David Duerr', 17),
	(16, 'Max Fortune', 28),
	(17, 'Andre Hebbel', 5),
	(18, 'Oliver Heuler', 2),
	(19, 'Gerald Huether', 27),
	(20, 'Hans Hermann Hoppe', 19),
	(21, 'isomorph', 1),
	(22, 'Jenny', 11),
	(23, 'Susanne Kablitz', 12),
	(24, 'Karl Heinz', 1),
	(25, 'Kibaybay', 4),
	(26, 'Sören Kierkegaard', 24),
	(27, 'Kurt Kowalsky', 15),
	(28, 'Andrew Gavin Marshall', 1),
	(29, 'Hermann Messmer', 1),
	(30, 'Hubert Milz', 18),
	(31, 'Ludwig von Mises', 18),
	(32, 'Stefan Molyneux', 9),
	(33, 'Satoshi Nakamoto', 1),
	(34, 'Nico', 7),
	(35, 'Maximilian Pfeifer', 1),
	(36, 'Phil', 1),
	(37, 'Lux Lumen Pictor', 15),
	(38, 'Pierre Joseph Proudhon', 1),
	(39, 'Rider650', 6),
	(40, 'Sandman', 3),
	(41, 'Rainer Schottländer', 13),
	(42, 'Robert Shea', 22),
	(43, 'Michael Siegmund', 26),
	(44, 'Robert Taylor', 1),
	(45, 'Sarah Thompson', 1),
	(46, 'R.J. Weapon', 20),
	(47, 'Robert Anton Wilson', 22),
	(48, 'Westernhagen', 1),
	(49, 'Norbert Lennartz', 16),
	(50, 'Ludwig von Mises', 18),
	(51, 'DaniQ', NULL),
	(52, 'Meikel White', NULL),
	(53, 'Alice Miller', 31),
	(54, 'Tomasz Frölich', 30),
	(55, 'Murray Rothbard', NULL),
	(56, NULL, NULL),
	(57, 'Reiner Zufall', NULL),
	(58, 'Saluk Sendal', NULL),
	(59, 'Lucien Looser', 31),
	(60, 'Per Bylund', 32),
	(61, 'Peter J. Preusse', 33),
	(62, 'Oliver Janich', 34),
	(63, 'Markus Eserver', NULL),
	(64, 'Stefan Blankertz', 35),
	(65, 'Robert Murphy', NULL),
	(66, 'Akif Pirincci', 36),
	(67, 'Michael Auksutat', NULL),
	(68, 'freiwilligfrei', 3),
	(69, 'Martin Finger', 37),
	(70, 'Frank Braun', 38),
	(71, 'OSHO', NULL),
	(72, 'Jeffrey Tucker', 39),
	(73, 'handsonic', 40),
	(74, 'Jonathan Danubio', 30),
	(75, 'Gerhard Breunig', 41),
	(76, 'Kurt Tucholsky', NULL),
	(77, 'Milan Brigant', NULL),
	(78, 'Wladimir Kaminer', 42),
	(79, 'Julian Schmierer', NULL),
	(80, 'Rick', NULL),
	(81, 'Axel BC Krauss', NULL),
	(82, 'Lysander Spooner', 43),
	(83, 'Marco Kanne', 44),
	(84, 'Horst Stowasser', NULL),
	(85, 'Andre Stern', 45),
	(86, 'David Graeber', NULL),
	(87, 'Bellaqua', NULL),
	(88, 'Wikipedia', NULL),
	(89, 'Lew Rockwell', 46),
	(90, 'Mary Fairwitch', NULL);
/*!40000 ALTER TABLE `Autor` ENABLE KEYS */;

-- Exportiere Daten aus Tabelle gf.Rubriken: ~51 rows (ungefähr)
/*!40000 ALTER TABLE `Rubriken` DISABLE KEYS */;
INSERT INTO `Rubriken` (`Rubrikname`, `RubrikId`) VALUES
	('Quantenphysik', 1),
	('Politik', 2),
	('Freier Markt', 3),
	('Etatismus', 4),
	('Finanzsystem', 5),
	('Steuern', 6),
	('Privatrechtegesellschaft', 7),
	('(R)Evolution', 8),
	('Demokratie', 9),
	('Inflation', 10),
	('Solidarität', 11),
	('Witziges', 12),
	('Eigentum', 13),
	('Monopole', 14),
	('Gedichte', 15),
	('Arbeit', 16),
	('Freilernen/Schule', 17),
	('Grundeinkommen', 18),
	('Praxeologie', 19),
	('Klima', 20),
	('Wahlen', 21),
	('Altruismus/Egoismus', 22),
	('Bitcoin', 23),
	('Waffen', 24),
	('Fussball', 25),
	('Religion', 26),
	('Kultur', 27),
	('Urheberrechte, Patente', 28),
	('Geschichte', 29),
	('Sicherheit', 30),
	('Gewalftreie Kommunikation', 31),
	('Sezession', 32),
	('Drogen', 33),
	('Energie', 34),
	('Gendering', 35),
	('Medien', 36),
	('Verschwörungstheorien', 37),
	('Psychologie', 38),
	('Vegetarismus/Veganismus', 39),
	('Krieg', 40),
	('Architektur', 41),
	('Gesundheitswesen', 42),
	('Chaos/spontane Ordnung', 43),
	('Mindestlohn', 44),
	('Gesellschaftsvertrag', 45),
	('Zinsen', 46),
	('Einwanderung', 47),
	('Progressivismus', 48),
	('Anarchie', 49),
	('Moral/Recht', 50),
	('Nichtaggressionsprinzip', 51);
/*!40000 ALTER TABLE `Rubriken` ENABLE KEYS */;

-- Exportiere Daten aus Tabelle gf.Website: ~46 rows (ungefähr)
/*!40000 ALTER TABLE `Website` DISABLE KEYS */;
INSERT INTO `Website` (`ID`, `Name`) VALUES
	(1, '#http://www.globalefreiheit.de#'),
	(2, '#http://www.voluntarist.de/#'),
	(3, '#http://www.freiwilligfrei.info/#'),
	(4, '#http://wertfreiheit.wordpress.com/#'),
	(5, '#http://www.petersdurchblick.com/#'),
	(6, '#http://rider650.tumblr.com/#'),
	(7, '#http://anarcho-kapitalismus.de/#'),
	(8, '#http://derkaninchenbau.blogspot.de/#'),
	(9, '#http://freedomainradio.com/#'),
	(10, '#http://larkenrose.com/#'),
	(11, '#http://pinksliberal.wordpress.com/#'),
	(12, '#https://susannekablitz.wordpress.com/#'),
	(13, '#http://www.schottie.de/#'),
	(14, '#http://www.lieberlibertarismus.org/#'),
	(15, '#http://www.libertaere-rundschau.de/#'),
	(16, '#http://www.apriorist.de/modx/index.php#'),
	(17, '#http://etwasanderekritik.wordpress.com/#'),
	(18, '#http://www.misesde.org/#'),
	(19, '#http://www.hanshoppe.com/#'),
	(20, '#http://www.youtube.com/user/RjWeapon#'),
	(21, '#http://nielsio.tumblr.com/#'),
	(22, '#http://www.rawilson.com/home.html#'),
	(23, '#http://bastiat.de/index2.html#'),
	(24, '#http://soren-kierkegaard.virtusens.de/#'),
	(25, '#http://methodos-ev.org/#'),
	(26, '#http://www.permation.de/#'),
	(27, '#http://www.gerald-huether.de/#'),
	(28, '#http://oberrand.wordpress.com/#'),
	(29, '#http://globalefreiheit.de/83.htm#'),
	(30, 'http://www.freitum.de/'),
	(31, '#http://zuercherin.com#'),
	(32, '#http://strike-the-root.com#'),
	(33, '#http://self-ownership.net/9.html#'),
	(34, '#http://oliverjanich.de#'),
	(35, '#http://stefanblankertz.de#'),
	(36, '#http://akifpirincci.blogspot.de#'),
	(37, '#http:/crederechannel.blogspot.de#'),
	(38, '#http:/shadowlife.cc#'),
	(39, '#http:/jeffreytucker.me#'),
	(40, '#http:/handsonicblog.wordpress.com#'),
	(41, 'http://gerhardbreunig.de/b2evolution/blog1.php/freiheit-jpg'),
	(42, 'http://blog.wladimirkaminer.de/'),
	(43, 'http://www.lysanderspooner.org/'),
	(44, 'http://marco-kanne.de/'),
	(45, 'http://www.andrestern.com/'),
	(46, '\r\n\r\n	<div style="float:left;">\r\n<p style="font-size: 18px;">Berlin, Fr. 29.11.2013, ab 19.30 Uhr <br>\r\n\r\nLibertärer Stammtisch in Berlin\r\n\r\n<p>Zum Austausch von voluntaristischen Ideen und zur Organisation von freiheitlichen Aktionen\r\n  <br>\r\nOrt: folgt in kürze  <br>\r\nAnmeldung: milan298@gmx.de </p>\r\n</div>	\r\n\r\n	\r\n	<div style="float:right;">\r\n	<a href=""  shape="rect"><img src="images/slider/stamm.jpg" /></a> \r\n	</div>\r\n\r\n		\r\n	<br>\r\n<br><br><font color="#000066">---------------------------------------------------------------------------------------------------------------------------------------------------------------\r\n</font>\r\nhttp://www.lewrockwell.com/');
/*!40000 ALTER TABLE `Website` ENABLE KEYS */;
/*!40101 SET SQL_MODE=IFNULL(@OLD_SQL_MODE, '') */;
/*!40014 SET FOREIGN_KEY_CHECKS=IF(@OLD_FOREIGN_KEY_CHECKS IS NULL, 1, @OLD_FOREIGN_KEY_CHECKS) */;
/*!40101 SET CHARACTER_SET_CLIENT=@OLD_CHARACTER_SET_CLIENT */;
